{
  "project_info": {
    "project_number": "707364513992",
    "firebase_url": "https://facekit-e341e-default-rtdb.firebaseio.com",
    "project_id": "facekit-e341e",
    "storage_bucket": "facekit-e341e.appspot.com"
  },
  "client": [
    {
      "client_info": {
        "mobilesdk_app_id": "1:707364513992:android:aee0159367115f6d0d5dfd",
        "android_client_info": {
          "package_name": "pinscreen.demo"
        }
      },
      "oauth_client": [
        {
          "client_id": "707364513992-8divr2h8evurhci9gd3f9i6a4hpjdsnd.apps.googleusercontent.com",
          "client_type": 3
        }
      ],
      "api_key": [
        {
          "current_key": "AIzaSyCHPHViL9QkowRBROdr-0LXWBFeL4e0k0g"
        }
      ],
      "services": {
        "appinvite_service": {
          "other_platform_oauth_client": [
            {
              "client_id": "707364513992-8divr2h8evurhci9gd3f9i6a4hpjdsnd.apps.googleusercontent.com",
              "client_type": 3
            }
          ]
        }
      }
    }
  ],
  "configuration_version": "1"
}